-- Insercion en la tabla 'impuesto'
INSERT INTO impuesto (id, nombre, porcentaje, eliminado) VALUES (0, 'Impuesto 1', 0, false);
INSERT INTO impuesto (id, nombre, porcentaje, eliminado) VALUES (1, 'Impuesto 2', 5, false);
INSERT INTO impuesto (id, nombre, porcentaje, eliminado) VALUES (2, 'Impuesto 3', 10, false);
INSERT INTO impuesto (id, nombre, porcentaje, eliminado) VALUES (3, 'Impuesto 4', 15, false);
INSERT INTO impuesto (id, nombre, porcentaje, eliminado) VALUES (4, 'Impuesto 5', 20, false);

-- -- Insercion en la tabla 'Estado' 
INSERT INTO estado (id, nombre, eliminado) VALUES (0, 'Iniciado', false);
INSERT INTO estado (id, nombre, eliminado) VALUES (1, 'Pendiente', false);
INSERT INTO estado (id, nombre, eliminado) VALUES (2, 'En proceso', false);
INSERT INTO estado (id, nombre, eliminado) VALUES (3, 'Pendiente de cobro', false);
INSERT INTO estado (id, nombre, eliminado) VALUES (4, 'Finalizado', false);

-- Insercion en la tabla 'Marca'
INSERT INTO marca (id, nombre, impuesto, eliminado) VALUES (0, 'Motorola', 0, false);
INSERT INTO marca (id, nombre, impuesto, eliminado) VALUES (1, 'Toyota', 0, false);
INSERT INTO marca (id, nombre, impuesto, eliminado) VALUES (2, 'Honda', 1, false);
INSERT INTO marca (id, nombre, impuesto, eliminado) VALUES (3, 'Chevrolet', 2, false);
INSERT INTO marca (id, nombre, impuesto, eliminado) VALUES (4, 'Ford', 3, false);
INSERT INTO marca (id, nombre, impuesto, eliminado) VALUES (5, 'Nissan', 4, false);
INSERT INTO marca (id, nombre, impuesto, eliminado) VALUES (6, 'Volkswagen', 0, false);
INSERT INTO marca (id, nombre, impuesto, eliminado) VALUES (7, 'Hyundai', 1, false);
INSERT INTO marca (id, nombre, impuesto, eliminado) VALUES (8, 'Mercedes-Benz', 2, false);
INSERT INTO marca (id, nombre, impuesto, eliminado) VALUES (9, 'BMW', 3, false);
INSERT INTO marca (id, nombre, impuesto, eliminado) VALUES (10, 'Audi', 4, false);
INSERT INTO marca (id, nombre, impuesto, eliminado) VALUES (11, 'Mazda', 0, false);
INSERT INTO marca (id, nombre, impuesto, eliminado) VALUES (12, 'Subaru', 1, false);
INSERT INTO marca (id, nombre, impuesto, eliminado) VALUES (13, 'Kia', 2, false);
INSERT INTO marca (id, nombre, impuesto, eliminado) VALUES (14, 'Volvo', 3, false);
INSERT INTO marca (id, nombre, impuesto, eliminado) VALUES (15, 'Jeep', 4, false);
INSERT INTO marca (id, nombre, impuesto, eliminado) VALUES (16, 'Porsche', 0, false);
INSERT INTO marca (id, nombre, impuesto, eliminado) VALUES (17, 'Lexus', 1, false);
INSERT INTO marca (id, nombre, impuesto, eliminado) VALUES (18, 'Acura', 2, false);
INSERT INTO marca (id, nombre, impuesto, eliminado) VALUES (19, 'Jaguar', 3, false);
INSERT INTO marca (id, nombre, impuesto, eliminado) VALUES (20, 'Land Rover', 4, false);


-- -- Insercion en la tabla 'Modelo'
INSERT INTO modelo (id, nombre, id_marca, eliminado) VALUES (0, 'Platita', random() * 20 , false);
INSERT INTO modelo (id, nombre, id_marca, eliminado) VALUES (1, 'Focus', random() * 20 , false);
INSERT INTO modelo (id, nombre, id_marca, eliminado) VALUES (2, 'Civic', random() * 20 , false);
INSERT INTO modelo (id, nombre, id_marca, eliminado) VALUES (3, 'Camry', random() * 20 , false);
INSERT INTO modelo (id, nombre, id_marca, eliminado) VALUES (4, 'Accord', random() * 20 , false);
INSERT INTO modelo (id, nombre, id_marca, eliminado) VALUES (5, 'Golf', random() * 20 , false);
INSERT INTO modelo (id, nombre, id_marca, eliminado) VALUES (6, 'Mazda3', random() * 20 , false);
INSERT INTO modelo (id, nombre, id_marca, eliminado) VALUES (7, 'Outback', random() * 20 , false);
INSERT INTO modelo (id, nombre, id_marca, eliminado) VALUES (8, 'Tiguan', random() * 20 , false);
INSERT INTO modelo (id, nombre, id_marca, eliminado) VALUES (9, 'F-150', random() * 20 , false);
INSERT INTO modelo (id, nombre, id_marca, eliminado) VALUES (10, 'Camaro', random() * 20 , false);
INSERT INTO modelo (id, nombre, id_marca, eliminado) VALUES (11, 'X5', random() * 20 , false);
INSERT INTO modelo (id, nombre, id_marca, eliminado) VALUES (12, 'CR-V', random() * 20 , false);
INSERT INTO modelo (id, nombre, id_marca, eliminado) VALUES (13, 'Sorento', random() * 20 , false);
INSERT INTO modelo (id, nombre, id_marca, eliminado) VALUES (14, 'S60', random() * 20 , false);
INSERT INTO modelo (id, nombre, id_marca, eliminado) VALUES (15, 'Cherokee', random() * 20 , false);
INSERT INTO modelo (id, nombre, id_marca, eliminado) VALUES (16, '911', random() * 20 , false);
INSERT INTO modelo (id, nombre, id_marca, eliminado) VALUES (17, 'RX', random() * 20 , false);
INSERT INTO modelo (id, nombre, id_marca, eliminado) VALUES (18, 'RDX', random() * 20 , false);
INSERT INTO modelo (id, nombre, id_marca, eliminado) VALUES (19, 'XF', random() * 20 , false);
INSERT INTO modelo (id, nombre, id_marca, eliminado) VALUES (20, 'Discovery', random() * 20 , false);


-- -- Insercion en la tabla 'cliente'
INSERT INTO cliente (id, apellido, direccion, localidad, mail, nombre, telefono, eliminado) VALUES (0, 'Mosca', 'Corrientes 2127', 'Cordoba', 'seba@gmail.com', 'Sebastian', '341413213', false);
INSERT INTO cliente (id, apellido, direccion, localidad, mail, nombre, telefono, eliminado) VALUES (1, 'Lopez', 'San Martin 150', 'Cordoba', 'lopez@gmail.com', 'Juan', '3512345678', false);
INSERT INTO cliente (id, apellido, direccion, localidad, mail, nombre, telefono, eliminado) VALUES (2, 'Gomez', 'Belgrano 432', 'Rosario', 'gomez@gmail.com', 'Maria', '3412345678', false);
INSERT INTO cliente (id, apellido, direccion, localidad, mail, nombre, telefono, eliminado) VALUES (3, 'Rodriguez', '25 de Mayo 789', 'Buenos Aires', 'rodriguez@gmail.com', 'Carlos', '1145678901', false);
INSERT INTO cliente (id, apellido, direccion, localidad, mail, nombre, telefono, eliminado) VALUES (4, 'Fernandez', 'Rivadavia 654', 'Mendoza', 'fernandez@gmail.com', 'Laura', '2613456789', false);
INSERT INTO cliente (id, apellido, direccion, localidad, mail, nombre, telefono, eliminado) VALUES (5, 'Perez', 'Sarmiento 987', 'San Juan', 'perez@gmail.com', 'Pedro', '2645678901', false);
INSERT INTO cliente (id, apellido, direccion, localidad, mail, nombre, telefono, eliminado) VALUES (6, 'Gutierrez', 'Urquiza 321', 'Salta', 'gutierrez@gmail.com', 'Ana', '3876543210', false);
INSERT INTO cliente (id, apellido, direccion, localidad, mail, nombre, telefono, eliminado) VALUES (7, 'Diaz', '9 de Julio 234', 'Tucuman', 'diaz@gmail.com', 'Martin', '3812345678', false);
INSERT INTO cliente (id, apellido, direccion, localidad, mail, nombre, telefono, eliminado) VALUES (8, 'Martinez', 'Independencia 876', 'La Plata', 'martinez@gmail.com', 'Silvia', '2213456789', false);
INSERT INTO cliente (id, apellido, direccion, localidad, mail, nombre, telefono, eliminado) VALUES (9, 'Sanchez', 'San Juan 543', 'Santa Fe', 'sanchez@gmail.com', 'Javier', '3425678901', false);
INSERT INTO cliente (id, apellido, direccion, localidad, mail, nombre, telefono, eliminado) VALUES (10, 'Romero', 'Mitre 432', 'Mar del Plata', 'romero@gmail.com', 'Natalia', '2234567890', false);




-- -- Insercion en la tabla 'Vehiculo'
INSERT INTO vehiculo (id, patente, id_modelo, id_cliente, anio, kilometros, observaciones, eliminado) VALUES (0, 'ABC123', random() * 20 , random() * 10, 2023, 20000, 'Observacion 0', false);
INSERT INTO vehiculo (id, patente, id_modelo, id_cliente, anio, kilometros, observaciones, eliminado) VALUES (1, 'DEF456', random() * 20 , random() * 10, 2021, 12000, 'Observacion 1', false);
INSERT INTO vehiculo (id, patente, id_modelo, id_cliente, anio, kilometros, observaciones, eliminado) VALUES (2, 'GHI789', random() * 20 , random() * 10, 2019, 8000, 'Observacion 2', false);
INSERT INTO vehiculo (id, patente, id_modelo, id_cliente, anio, kilometros, observaciones, eliminado) VALUES (3, 'JKL012', random() * 20 , random() * 10, 2020, 15000, 'Observacion 3', false);
INSERT INTO vehiculo (id, patente, id_modelo, id_cliente, anio, kilometros, observaciones, eliminado) VALUES (4, 'MNO345', random() * 20 , random() * 10, 2022, 9000, 'Observacion 4', false);
INSERT INTO vehiculo (id, patente, id_modelo, id_cliente, anio, kilometros, observaciones, eliminado) VALUES (5, 'PQR678', random() * 20 , random() * 10, 2018, 11000, 'Observacion 5', false);
INSERT INTO vehiculo (id, patente, id_modelo, id_cliente, anio, kilometros, observaciones, eliminado) VALUES (6, 'STU901', random() * 20 , random() * 10, 2023, 7000, 'Observacion 6', false);
INSERT INTO vehiculo (id, patente, id_modelo, id_cliente, anio, kilometros, observaciones, eliminado) VALUES (7, 'VWX234', random() * 20 , random() * 10, 2017, 13000, 'Observacion 7', false);
INSERT INTO vehiculo (id, patente, id_modelo, id_cliente, anio, kilometros, observaciones, eliminado) VALUES (8, 'YZA567', random() * 20 , random() * 10, 2021, 10000, 'Observacion 8', false);
INSERT INTO vehiculo (id, patente, id_modelo, id_cliente, anio, kilometros, observaciones, eliminado) VALUES (9, 'BCD89', random() * 20 , random() * 10, 2019, 12000, 'Observacion 9', false);
INSERT INTO vehiculo (id, patente, id_modelo, id_cliente, anio, kilometros, observaciones, eliminado) VALUES (10, 'EFG123', random() * 20 , random() * 10, 2020, 14000, 'Observacion 10', false);
INSERT INTO vehiculo (id, patente, id_modelo, id_cliente, anio, kilometros, observaciones, eliminado) VALUES (11, 'HIJ456', random() * 20 , random() * 10, 2018, 8000, 'Observacion 11', false);
INSERT INTO vehiculo (id, patente, id_modelo, id_cliente, anio, kilometros, observaciones, eliminado) VALUES (12, 'KLM789', random() * 20 , random() * 10, 2022, 11000, 'Observacion 12', false);


-- -- Insercion en la tabla 'tecnico'
INSERT INTO tecnico (id, apellido, direccion, documento, nombre, telefono, eliminado) VALUES (0, 'Doffo', 'Sarmiento 123', '23141231', 'Marcelo', '3141343141', false);
INSERT INTO tecnico (id, apellido, direccion, documento, nombre, telefono, eliminado) VALUES (1, 'Garcia', 'Sarmiento 456', '28765432', 'Lucia', '3112345678', false);
INSERT INTO tecnico (id, apellido, direccion, documento, nombre, telefono, eliminado) VALUES (2, 'Lopez', 'Belgrano 789', '39876543', 'Eduardo', '3223456789', false);
INSERT INTO tecnico (id, apellido, direccion, documento, nombre, telefono, eliminado) VALUES (3, 'Martinez', 'San Martin 012', '45678901', 'Laura', '3334567890', false);
INSERT INTO tecnico (id, apellido, direccion, documento, nombre, telefono, eliminado) VALUES (4, 'Rodriguez', 'Mitre 345', '56789012', 'Carlos', '3445678901', false);
INSERT INTO tecnico (id, apellido, direccion, documento, nombre, telefono, eliminado) VALUES (5, 'Sanchez', 'Rivadavia 678', '67890123', 'Valeria', '3556789012', false);
INSERT INTO tecnico (id, apellido, direccion, documento, nombre, telefono, eliminado) VALUES (6, 'Fernandez', '9 de Julio 901', '78901234', 'Diego', '3667890123', false);
INSERT INTO tecnico (id, apellido, direccion, documento, nombre, telefono, eliminado) VALUES (7, 'Gomez', 'Independencia 234', '89012345', 'Sofia', '3778901234', false);
INSERT INTO tecnico (id, apellido, direccion, documento, nombre, telefono, eliminado) VALUES (8, 'Perez', 'Urquiza 567', '90123456', 'Javier', '3889012345', false);


-- -- Insercion en la tabla 'orden_trabajo'
INSERT INTO orden_trabajo (id, fecha_inicio, fecha_fin, id_vehiculo, id_tecnico, estado, comentario, totalcosto, id_cliente, eliminado) VALUES (0, '2023-11-11', '2023-11-15', random() * 12, random() * 8, random() * 4, 'Comentario 0', 0, random() * 10, false);
INSERT INTO orden_trabajo (id, fecha_inicio, fecha_fin, id_vehiculo, id_tecnico, estado, comentario, totalcosto, id_cliente, eliminado) VALUES (1, '2023-12-12', '2023-12-15', random() * 12, random() * 8, random() * 4, 'Comentario 1', 0, random() * 10, false);
INSERT INTO orden_trabajo (id, fecha_inicio, fecha_fin, id_vehiculo, id_tecnico, estado, comentario, totalcosto, id_cliente, eliminado) VALUES (2, '2023-12-12', '2023-12-15', random() * 12, random() * 8, random() * 4, 'Comentario 2', 0, random() * 10, false);
INSERT INTO orden_trabajo (id, fecha_inicio, fecha_fin, id_vehiculo, id_tecnico, estado, comentario, totalcosto, id_cliente, eliminado) VALUES (3, '2023-12-12', '2023-12-15', random() * 12, random() * 8, random() * 4, 'Comentario 3', 0, random() * 10, false);
INSERT INTO orden_trabajo (id, fecha_inicio, fecha_fin, id_vehiculo, id_tecnico, estado, comentario, totalcosto, id_cliente, eliminado) VALUES (4, '2023-12-12', '2023-12-15', random() * 12, random() * 8, random() * 4, 'Comentario 4', 0, random() * 10, false);
INSERT INTO orden_trabajo (id, fecha_inicio, fecha_fin, id_vehiculo, id_tecnico, estado, comentario, totalcosto, id_cliente, eliminado) VALUES (5, '2023-12-12', '2023-12-15', random() * 12, random() * 8, random() * 4, 'Comentario 5', 0, random() * 10, false);
INSERT INTO orden_trabajo (id, fecha_inicio, fecha_fin, id_vehiculo, id_tecnico, estado, comentario, totalcosto, id_cliente, eliminado) VALUES (6, '2023-12-12', '2023-12-15', random() * 12, random() * 8, random() * 4, 'Comentario 6', 0, random() * 10, false);
INSERT INTO orden_trabajo (id, fecha_inicio, fecha_fin, id_vehiculo, id_tecnico, estado, comentario, totalcosto, id_cliente, eliminado) VALUES (7, '2023-12-12', '2023-12-15', random() * 12, random() * 8, random() * 4, 'Comentario 7', 0, random() * 10, false);
INSERT INTO orden_trabajo (id, fecha_inicio, fecha_fin, id_vehiculo, id_tecnico, estado, comentario, totalcosto, id_cliente, eliminado) VALUES (8, '2023-12-12', '2023-12-15', random() * 12, random() * 8, random() * 4, 'Comentario 8', 0, random() * 10, false);
INSERT INTO orden_trabajo (id, fecha_inicio, fecha_fin, id_vehiculo, id_tecnico, estado, comentario, totalcosto, id_cliente, eliminado) VALUES (9, '2023-12-12', '2023-12-15', random() * 12, random() * 8, random() * 4, 'Comentario 9', 0, random() * 10, false);
INSERT INTO orden_trabajo (id, fecha_inicio, fecha_fin, id_vehiculo, id_tecnico, estado, comentario, totalcosto, id_cliente, eliminado) VALUES (10, '2023-12-12', '2023-12-15', random() * 12, random() * 8, random() * 4, 'Comentario 10', 0, random() * 10, false);
INSERT INTO orden_trabajo (id, fecha_inicio, fecha_fin, id_vehiculo, id_tecnico, estado, comentario, totalcosto, id_cliente, eliminado) VALUES (11, '2023-12-12', '2023-12-15', random() * 12, random() * 8, random() * 4, 'Comentario 11', 0, random() * 10, false);
INSERT INTO orden_trabajo (id, fecha_inicio, fecha_fin, id_vehiculo, id_tecnico, estado, comentario, totalcosto, id_cliente, eliminado) VALUES (12, '2023-12-12', '2023-12-15', random() * 12, random() * 8, random() * 4, 'Comentario 12', 0, random() * 10, false);
INSERT INTO orden_trabajo (id, fecha_inicio, fecha_fin, id_vehiculo, id_tecnico, estado, comentario, totalcosto, id_cliente, eliminado) VALUES (13, '2023-12-12', '2023-12-15', random() * 12, random() * 8, random() * 4, 'Comentario 13', 0, random() * 10, false);
INSERT INTO orden_trabajo (id, fecha_inicio, fecha_fin, id_vehiculo, id_tecnico, estado, comentario, totalcosto, id_cliente, eliminado) VALUES (14, '2023-12-12', '2023-12-15', random() * 12, random() * 8, random() * 4, 'Comentario 14', 0, random() * 10, false);
INSERT INTO orden_trabajo (id, fecha_inicio, fecha_fin, id_vehiculo, id_tecnico, estado, comentario, totalcosto, id_cliente, eliminado) VALUES (15, '2023-12-12', '2023-12-15', random() * 12, random() * 8, random() * 4, 'Comentario 15', 0, random() * 10, false);
INSERT INTO orden_trabajo (id, fecha_inicio, fecha_fin, id_vehiculo, id_tecnico, estado, comentario, totalcosto, id_cliente, eliminado) VALUES (16, '2023-12-12', '2023-12-15', random() * 12, random() * 8, random() * 4, 'Comentario 16', 0, random() * 10, false);
INSERT INTO orden_trabajo (id, fecha_inicio, fecha_fin, id_vehiculo, id_tecnico, estado, comentario, totalcosto, id_cliente, eliminado) VALUES (17, '2023-12-12', '2023-12-15', random() * 12, random() * 8, random() * 4, 'Comentario 17', 0, random() * 10, false);
INSERT INTO orden_trabajo (id, fecha_inicio, fecha_fin, id_vehiculo, id_tecnico, estado, comentario, totalcosto, id_cliente, eliminado) VALUES (18, '2023-12-12', '2023-12-15', random() * 12, random() * 8, random() * 4, 'Comentario 18', 0, random() * 10, false);
INSERT INTO orden_trabajo (id, fecha_inicio, fecha_fin, id_vehiculo, id_tecnico, estado, comentario, totalcosto, id_cliente, eliminado) VALUES (19, '2023-12-12', '2023-12-15', random() * 12, random() * 8, random() * 4, 'Comentario 19', 0, random() * 10, false);
INSERT INTO orden_trabajo (id, fecha_inicio, fecha_fin, id_vehiculo, id_tecnico, estado, comentario, totalcosto, id_cliente, eliminado) VALUES (20, '2023-12-12', '2023-12-15', random() * 12, random() * 8, random() * 4, 'Comentario 20', 0, random() * 10, false);
INSERT INTO orden_trabajo (id, fecha_inicio, fecha_fin, id_vehiculo, id_tecnico, estado, comentario, totalcosto, id_cliente, eliminado) VALUES (21, '2023-12-16', '2023-12-18', random() * 12, random() * 8, random() * 4, 'Comentario 21', 0, random() * 10, false);
INSERT INTO orden_trabajo (id, fecha_inicio, fecha_fin, id_vehiculo, id_tecnico, estado, comentario, totalcosto, id_cliente, eliminado) VALUES (22, '2023-12-19', '2023-12-21', random() * 12, random() * 8, random() * 4, 'Comentario 22', 0, random() * 10, false);
INSERT INTO orden_trabajo (id, fecha_inicio, fecha_fin, id_vehiculo, id_tecnico, estado, comentario, totalcosto, id_cliente, eliminado) VALUES (23, '2023-12-22', '2023-12-24', random() * 12, random() * 8, random() * 4, 'Comentario 23', 0, random() * 10, false);
INSERT INTO orden_trabajo (id, fecha_inicio, fecha_fin, id_vehiculo, id_tecnico, estado, comentario, totalcosto, id_cliente, eliminado) VALUES (24, '2023-12-25', '2023-12-27', random() * 12, random() * 8, random() * 4, 'Comentario 24', 0, random() * 10, false);
INSERT INTO orden_trabajo (id, fecha_inicio, fecha_fin, id_vehiculo, id_tecnico, estado, comentario, totalcosto, id_cliente, eliminado) VALUES (25, '2023-12-28', '2023-12-30', random() * 12, random() * 8, random() * 4, 'Comentario 25', 0, random() * 10, false);
INSERT INTO orden_trabajo (id, fecha_inicio, fecha_fin, id_vehiculo, id_tecnico, estado, comentario, totalcosto, id_cliente, eliminado) VALUES (26, '2024-01-02', '2024-01-04', random() * 12, random() * 8, random() * 4, 'Comentario 26', 0, random() * 10, false);
INSERT INTO orden_trabajo (id, fecha_inicio, fecha_fin, id_vehiculo, id_tecnico, estado, comentario, totalcosto, id_cliente, eliminado) VALUES (27, '2024-01-05', '2024-01-07', random() * 12, random() * 8, random() * 4, 'Comentario 27', 0, random() * 10, false);
INSERT INTO orden_trabajo (id, fecha_inicio, fecha_fin, id_vehiculo, id_tecnico, estado, comentario, totalcosto, id_cliente, eliminado) VALUES (28, '2024-01-08', '2024-01-10', random() * 12, random() * 8, random() * 4, 'Comentario 28', 0, random() * 10, false);
INSERT INTO orden_trabajo (id, fecha_inicio, fecha_fin, id_vehiculo, id_tecnico, estado, comentario, totalcosto, id_cliente, eliminado) VALUES (29, '2024-01-11', '2024-01-13', random() * 12, random() * 8, random() * 4, 'Comentario 29', 0, random() * 10, false);
INSERT INTO orden_trabajo (id, fecha_inicio, fecha_fin, id_vehiculo, id_tecnico, estado, comentario, totalcosto, id_cliente, eliminado) VALUES (30, '2024-01-14', '2024-01-16', random() * 12, random() * 8, random() * 4, 'Comentario 30', 0, random() * 10, false);
INSERT INTO orden_trabajo (id, fecha_inicio, fecha_fin, id_vehiculo, id_tecnico, estado, comentario, totalcosto, id_cliente, eliminado) VALUES (31, '2024-01-17', '2024-01-19', random() * 12, random() * 8, random() * 4, 'Comentario 31', 0, random() * 10, false);
INSERT INTO orden_trabajo (id, fecha_inicio, fecha_fin, id_vehiculo, id_tecnico, estado, comentario, totalcosto, id_cliente, eliminado) VALUES (32, '2024-01-20', '2024-01-22', random() * 12, random() * 8, random() * 4, 'Comentario 32', 0, random() * 10, false);
INSERT INTO orden_trabajo (id, fecha_inicio, fecha_fin, id_vehiculo, id_tecnico, estado, comentario, totalcosto, id_cliente, eliminado) VALUES (33, '2024-01-23', '2024-01-25', random() * 12, random() * 8, random() * 4, 'Comentario 33', 0, random() * 10, false);
INSERT INTO orden_trabajo (id, fecha_inicio, fecha_fin, id_vehiculo, id_tecnico, estado, comentario, totalcosto, id_cliente, eliminado) VALUES (34, '2024-01-26', '2024-01-28', random() * 12, random() * 8, random() * 4, 'Comentario 34', 0, random() * 10, false);
INSERT INTO orden_trabajo (id, fecha_inicio, fecha_fin, id_vehiculo, id_tecnico, estado, comentario, totalcosto, id_cliente, eliminado) VALUES (35, '2024-01-29', '2024-01-31', random() * 12, random() * 8, random() * 4, 'Comentario 35', 0, random() * 10, false);
INSERT INTO orden_trabajo (id, fecha_inicio, fecha_fin, id_vehiculo, id_tecnico, estado, comentario, totalcosto, id_cliente, eliminado) VALUES (36, '2024-02-01', '2024-02-03', random() * 12, random() * 8, random() * 4, 'Comentario 36', 0, random() * 10, false);
INSERT INTO orden_trabajo (id, fecha_inicio, fecha_fin, id_vehiculo, id_tecnico, estado, comentario, totalcosto, id_cliente, eliminado) VALUES (37, '2024-02-04', '2024-02-06', random() * 12, random() * 8, random() * 4, 'Comentario 37', 0, random() * 10, false);
INSERT INTO orden_trabajo (id, fecha_inicio, fecha_fin, id_vehiculo, id_tecnico, estado, comentario, totalcosto, id_cliente, eliminado) VALUES (38, '2024-02-07', '2024-02-09', random() * 12, random() * 8, random() * 4, 'Comentario 38', 0, random() * 10, false);
INSERT INTO orden_trabajo (id, fecha_inicio, fecha_fin, id_vehiculo, id_tecnico, estado, comentario, totalcosto, id_cliente, eliminado) VALUES (39, '2024-02-10', '2024-02-12', random() * 12, random() * 8, random() * 4, 'Comentario 39', 0, random() * 10, false);
INSERT INTO orden_trabajo (id, fecha_inicio, fecha_fin, id_vehiculo, id_tecnico, estado, comentario, totalcosto, id_cliente, eliminado) VALUES (40, '2024-02-13', '2024-02-15', random() * 12, random() * 8, random() * 4, 'Comentario 40', 0, random() * 10, false);
INSERT INTO orden_trabajo (id, fecha_inicio, fecha_fin, id_vehiculo, id_tecnico, estado, comentario, totalcosto, id_cliente, eliminado) VALUES (41, '2024-02-16', '2024-02-18', random() * 12, random() * 8, random() * 4, 'Comentario 41', 0, random() * 10, false);
INSERT INTO orden_trabajo (id, fecha_inicio, fecha_fin, id_vehiculo, id_tecnico, estado, comentario, totalcosto, id_cliente, eliminado) VALUES (42, '2024-02-19', '2024-02-21', random() * 12, random() * 8, random() * 4, 'Comentario 42', 0, random() * 10, false);
INSERT INTO orden_trabajo (id, fecha_inicio, fecha_fin, id_vehiculo, id_tecnico, estado, comentario, totalcosto, id_cliente, eliminado) VALUES (43, '2024-02-22', '2024-02-24', random() * 12, random() * 8, random() * 4, 'Comentario 43', 0, random() * 10, false);
INSERT INTO orden_trabajo (id, fecha_inicio, fecha_fin, id_vehiculo, id_tecnico, estado, comentario, totalcosto, id_cliente, eliminado) VALUES (44, '2024-02-25', '2024-02-27', random() * 12, random() * 8, random() * 4, 'Comentario 44', 0, random() * 10, false);
INSERT INTO orden_trabajo (id, fecha_inicio, fecha_fin, id_vehiculo, id_tecnico, estado, comentario, totalcosto, id_cliente, eliminado) VALUES (45, '2024-02-28', '2024-03-01', random() * 12, random() * 8, random() * 4, 'Comentario 45', 0, random() * 10, false);
INSERT INTO orden_trabajo (id, fecha_inicio, fecha_fin, id_vehiculo, id_tecnico, estado, comentario, totalcosto, id_cliente, eliminado) VALUES (46, '2024-03-02', '2024-03-04', random() * 12, random() * 8, random() * 4, 'Comentario 46', 0, random() * 10, false);
INSERT INTO orden_trabajo (id, fecha_inicio, fecha_fin, id_vehiculo, id_tecnico, estado, comentario, totalcosto, id_cliente, eliminado) VALUES (47, '2024-03-05', '2024-03-07', random() * 12, random() * 8, random() * 4, 'Comentario 47', 0, random() * 10, false);
INSERT INTO orden_trabajo (id, fecha_inicio, fecha_fin, id_vehiculo, id_tecnico, estado, comentario, totalcosto, id_cliente, eliminado) VALUES (48, '2024-03-08', '2024-03-10', random() * 12, random() * 8, random() * 4, 'Comentario 48', 0, random() * 10, false);
INSERT INTO orden_trabajo (id, fecha_inicio, fecha_fin, id_vehiculo, id_tecnico, estado, comentario, totalcosto, id_cliente, eliminado) VALUES (49, '2024-03-11', '2024-03-13', random() * 12, random() * 8, random() * 4, 'Comentario 49', 0, random() * 10, false);
INSERT INTO orden_trabajo (id, fecha_inicio, fecha_fin, id_vehiculo, id_tecnico, estado, comentario, totalcosto, id_cliente, eliminado) VALUES (50, '2024-03-14', '2024-03-16', random() * 12, random() * 8, random() * 4, 'Comentario 50', 0, random() * 10, false);
INSERT INTO orden_trabajo (id, fecha_inicio, fecha_fin, id_vehiculo, id_tecnico, estado, comentario, totalcosto, id_cliente, eliminado) VALUES (51, '2024-03-17', '2024-03-19', random() * 12, random() * 8, random() * 4, 'Comentario 51', 0, random() * 10, false);
INSERT INTO orden_trabajo (id, fecha_inicio, fecha_fin, id_vehiculo, id_tecnico, estado, comentario, totalcosto, id_cliente, eliminado) VALUES (52, '2024-03-20', '2024-03-22', random() * 12, random() * 8, random() * 4, 'Comentario 52', 0, random() * 10, false);
INSERT INTO orden_trabajo (id, fecha_inicio, fecha_fin, id_vehiculo, id_tecnico, estado, comentario, totalcosto, id_cliente, eliminado) VALUES (53, '2024-03-23', '2024-03-25', random() * 12, random() * 8, random() * 4, 'Comentario 53', 0, random() * 10, false);
INSERT INTO orden_trabajo (id, fecha_inicio, fecha_fin, id_vehiculo, id_tecnico, estado, comentario, totalcosto, id_cliente, eliminado) VALUES (54, '2024-03-26', '2024-03-28', random() * 12, random() * 8, random() * 4, 'Comentario 54', 0, random() * 10, false);
INSERT INTO orden_trabajo (id, fecha_inicio, fecha_fin, id_vehiculo, id_tecnico, estado, comentario, totalcosto, id_cliente, eliminado) VALUES (55, '2024-03-29', '2024-03-31', random() * 12, random() * 8, random() * 4, 'Comentario 55', 0, random() * 10, false);
INSERT INTO orden_trabajo (id, fecha_inicio, fecha_fin, id_vehiculo, id_tecnico, estado, comentario, totalcosto, id_cliente, eliminado) VALUES (56, '2024-04-01', '2024-04-03', random() * 12, random() * 8, random() * 4, 'Comentario 56', 0, random() * 10, false);
INSERT INTO orden_trabajo (id, fecha_inicio, fecha_fin, id_vehiculo, id_tecnico, estado, comentario, totalcosto, id_cliente, eliminado) VALUES (57, '2024-04-04', '2024-04-06', random() * 12, random() * 8, random() * 4, 'Comentario 57', 0, random() * 10, false);
INSERT INTO orden_trabajo (id, fecha_inicio, fecha_fin, id_vehiculo, id_tecnico, estado, comentario, totalcosto, id_cliente, eliminado) VALUES (58, '2024-04-07', '2024-04-09', random() * 12, random() * 8, random() * 4, 'Comentario 58', 0, random() * 10, false);
INSERT INTO orden_trabajo (id, fecha_inicio, fecha_fin, id_vehiculo, id_tecnico, estado, comentario, totalcosto, id_cliente, eliminado) VALUES (59, '2024-04-10', '2024-04-12', random() * 12, random() * 8, random() * 4, 'Comentario 59', 0, random() * 10, false);
INSERT INTO orden_trabajo (id, fecha_inicio, fecha_fin, id_vehiculo, id_tecnico, estado, comentario, totalcosto, id_cliente, eliminado) VALUES (60, '2024-04-13', '2024-04-15', random() * 12, random() * 8, random() * 4, 'Comentario 60', 0, random() * 10, false);
INSERT INTO orden_trabajo (id, fecha_inicio, fecha_fin, id_vehiculo, id_tecnico, estado, comentario, totalcosto, id_cliente, eliminado) VALUES (61, '2024-04-16', '2024-04-18', random() * 12, random() * 8, random() * 4, 'Comentario 61', 0, random() * 10, false);
INSERT INTO orden_trabajo (id, fecha_inicio, fecha_fin, id_vehiculo, id_tecnico, estado, comentario, totalcosto, id_cliente, eliminado) VALUES (62, '2024-04-19', '2024-04-21', random() * 12, random() * 8, random() * 4, 'Comentario 62', 0, random() * 10, false);
INSERT INTO orden_trabajo (id, fecha_inicio, fecha_fin, id_vehiculo, id_tecnico, estado, comentario, totalcosto, id_cliente, eliminado) VALUES (63, '2024-04-22', '2024-04-24', random() * 12, random() * 8, random() * 4, 'Comentario 63', 0, random() * 10, false);
INSERT INTO orden_trabajo (id, fecha_inicio, fecha_fin, id_vehiculo, id_tecnico, estado, comentario, totalcosto, id_cliente, eliminado) VALUES (64, '2024-04-25', '2024-04-27', random() * 12, random() * 8, random() * 4, 'Comentario 64', 0, random() * 10, false);
INSERT INTO orden_trabajo (id, fecha_inicio, fecha_fin, id_vehiculo, id_tecnico, estado, comentario, totalcosto, id_cliente, eliminado) VALUES (65, '2024-04-28', '2024-04-30', random() * 12, random() * 8, random() * 4, 'Comentario 65', 0, random() * 10, false);
INSERT INTO orden_trabajo (id, fecha_inicio, fecha_fin, id_vehiculo, id_tecnico, estado, comentario, totalcosto, id_cliente, eliminado) VALUES (66, '2024-05-01', '2024-05-03', random() * 12, random() * 8, random() * 4, 'Comentario 66', 0, random() * 10, false);
INSERT INTO orden_trabajo (id, fecha_inicio, fecha_fin, id_vehiculo, id_tecnico, estado, comentario, totalcosto, id_cliente, eliminado) VALUES (67, '2024-05-04', '2024-05-06', random() * 12, random() * 8, random() * 4, 'Comentario 67', 0, random() * 10, false);
INSERT INTO orden_trabajo (id, fecha_inicio, fecha_fin, id_vehiculo, id_tecnico, estado, comentario, totalcosto, id_cliente, eliminado) VALUES (68, '2024-05-07', '2024-05-09', random() * 12, random() * 8, random() * 4, 'Comentario 68', 0, random() * 10, false);
INSERT INTO orden_trabajo (id, fecha_inicio, fecha_fin, id_vehiculo, id_tecnico, estado, comentario, totalcosto, id_cliente, eliminado) VALUES (69, '2024-05-10', '2024-05-12', random() * 12, random() * 8, random() * 4, 'Comentario 69', 0, random() * 10, false);
INSERT INTO orden_trabajo (id, fecha_inicio, fecha_fin, id_vehiculo, id_tecnico, estado, comentario, totalcosto, id_cliente, eliminado) VALUES (70, '2024-05-13', '2024-05-15', random() * 12, random() * 8, random() * 4, 'Comentario 70', 0, random() * 10, false);



-- -- Insercion en la tabla 'servicio'
INSERT INTO servicio (id, tipo_servicio, precio, eliminado, id_orden) VALUES (0, 'Pintado', 100000, false, random() * 70 );
INSERT INTO servicio (id, tipo_servicio, precio, eliminado, id_orden) VALUES (1, 'Secado', 30000, false, random() * 70 );
INSERT INTO servicio (id, tipo_servicio, precio, eliminado, id_orden) VALUES (2, 'Alineacion y balanceo', 8000, false, random() * 70 );
INSERT INTO servicio (id, tipo_servicio, precio, eliminado, id_orden) VALUES (3, 'Cambio de frenos', 12000, false, random() * 70 );
INSERT INTO servicio (id, tipo_servicio, precio, eliminado, id_orden) VALUES (4, 'Cambio de bujias', 6000, false, random() * 70 );
INSERT INTO servicio (id, tipo_servicio, precio, eliminado, id_orden) VALUES (5, 'Rotacion de neumaticos', 4000, false, random() * 70 );
INSERT INTO servicio (id, tipo_servicio, precio, eliminado, id_orden) VALUES (6, 'Cambio de filtro de aire', 3000, false, random() * 70 );
INSERT INTO servicio (id, tipo_servicio, precio, eliminado, id_orden) VALUES (7, 'Revision de suspension', 7000, false, random() * 70 );
INSERT INTO servicio (id, tipo_servicio, precio, eliminado, id_orden) VALUES (8, 'Cambio de correa de distribucion', 10000, false, random() * 70 );
INSERT INTO servicio (id, tipo_servicio, precio, eliminado, id_orden) VALUES (9, 'Recarga de aire acondicionado', 5000, false, random() * 70 );
INSERT INTO servicio (id, tipo_servicio, precio, eliminado, id_orden) VALUES (10, 'Cambio de bateria', 9000, false, random() * 70 );
INSERT INTO servicio (id, tipo_servicio, precio, eliminado, id_orden) VALUES (11, 'Diagnostico de motor', 15000, false, random() * 70 );
INSERT INTO servicio (id, tipo_servicio, precio, eliminado, id_orden) VALUES (12, 'Cambio de amortiguadores', 11000, false, random() * 70 );
INSERT INTO servicio (id, tipo_servicio, precio, eliminado, id_orden) VALUES (13, 'Cambio de filtro de aceite', 2500, false, random() * 70 );
INSERT INTO servicio (id, tipo_servicio, precio, eliminado, id_orden) VALUES (14, 'Cambio de liquido de frenos', 7000, false, random() * 70 );
INSERT INTO servicio (id, tipo_servicio, precio, eliminado, id_orden) VALUES (15, 'Cambio de bujias de encendido', 5000, false, random() * 70 );
INSERT INTO servicio (id, tipo_servicio, precio, eliminado, id_orden) VALUES (16, 'Reparacion de escape', 8000, false, random() * 70 );
INSERT INTO servicio (id, tipo_servicio, precio, eliminado, id_orden) VALUES (17, 'Cambio de termostato', 6000, false, random() * 70 );
INSERT INTO servicio (id, tipo_servicio, precio, eliminado, id_orden) VALUES (18, 'Reparacion de sistema de direccion', 10000, false, random() * 70 );
INSERT INTO servicio (id, tipo_servicio, precio, eliminado, id_orden) VALUES (19, 'Cambio de bomba de agua', 12000, false, random() * 70 );
INSERT INTO servicio (id, tipo_servicio, precio, eliminado, id_orden) VALUES (20, 'Diagnostico de transmision', 15000, false, random() * 70 );
INSERT INTO servicio (id, tipo_servicio, precio, eliminado, id_orden) VALUES (21, 'Cambio de filtro de combustible', 3500, false, random() * 70 );
INSERT INTO servicio (id, tipo_servicio, precio, eliminado, id_orden) VALUES (22, 'Cambio de sensor de oxigeno', 6000, false, random() * 70 );
INSERT INTO servicio (id, tipo_servicio, precio, eliminado, id_orden) VALUES (23, 'Cambio de aceite', 5000, false, random() * 70 );
INSERT INTO servicio (id, tipo_servicio, precio, eliminado, id_orden) VALUES (24, 'Alineacion y balanceo', 8000, false, random() * 70 );
INSERT INTO servicio (id, tipo_servicio, precio, eliminado, id_orden) VALUES (25, 'Cambio de frenos', 12000, false, random() * 70 );
INSERT INTO servicio (id, tipo_servicio, precio, eliminado, id_orden) VALUES (26, 'Cambio de bujias', 6000, false, random() * 70 );
INSERT INTO servicio (id, tipo_servicio, precio, eliminado, id_orden) VALUES (27, 'Rotacion de neumaticos', 4000, false, random() * 70 );
INSERT INTO servicio (id, tipo_servicio, precio, eliminado, id_orden) VALUES (28, 'Cambio de filtro de aire', 3000, false, random() * 70 );
INSERT INTO servicio (id, tipo_servicio, precio, eliminado, id_orden) VALUES (29, 'Revision de suspension', 7000, false, random() * 70 );
INSERT INTO servicio (id, tipo_servicio, precio, eliminado, id_orden) VALUES (30, 'Cambio de correa de distribucion', 10000, false, random() * 70 );
INSERT INTO servicio (id, tipo_servicio, precio, eliminado, id_orden) VALUES (31, 'Recarga de aire acondicionado', 5000, false, random() * 70 );
INSERT INTO servicio (id, tipo_servicio, precio, eliminado, id_orden) VALUES (32, 'Cambio de bateria', 9000, false, random() * 70 );
INSERT INTO servicio (id, tipo_servicio, precio, eliminado, id_orden) VALUES (33, 'Diagnostico de motor', 15000, false, random() * 70 );
INSERT INTO servicio (id, tipo_servicio, precio, eliminado, id_orden) VALUES (34, 'Cambio de amortiguadores', 11000, false, random() * 70 );
INSERT INTO servicio (id, tipo_servicio, precio, eliminado, id_orden) VALUES (35, 'Cambio de filtro de aceite', 2500, false, random() * 70 );
INSERT INTO servicio (id, tipo_servicio, precio, eliminado, id_orden) VALUES (36, 'Cambio de liquido de frenos', 7000, false, random() * 70 );
INSERT INTO servicio (id, tipo_servicio, precio, eliminado, id_orden) VALUES (37, 'Cambio de bujias de encendido', 5000, false, random() * 70 );
INSERT INTO servicio (id, tipo_servicio, precio, eliminado, id_orden) VALUES (38, 'Reparacion de escape', 8000, false, random() * 70 );
INSERT INTO servicio (id, tipo_servicio, precio, eliminado, id_orden) VALUES (39, 'Cambio de termostato', 6000, false, random() * 70 );
INSERT INTO servicio (id, tipo_servicio, precio, eliminado, id_orden) VALUES (40, 'Reparacion de sistema de direccion', 10000, false, random() * 70 );
INSERT INTO servicio (id, tipo_servicio, precio, eliminado, id_orden) VALUES (41, 'Cambio de bomba de agua', 12000, false, random() * 70 );
INSERT INTO servicio (id, tipo_servicio, precio, eliminado, id_orden) VALUES (42, 'Diagnostico de transmision', 15000, false, random() * 70 );
INSERT INTO servicio (id, tipo_servicio, precio, eliminado, id_orden) VALUES (43, 'Cambio de filtro de combustible', 3500, false, random() * 70 );
INSERT INTO servicio (id, tipo_servicio, precio, eliminado, id_orden) VALUES (44, 'Cambio de aceite', 5000, false, random() * 70 );
INSERT INTO servicio (id, tipo_servicio, precio, eliminado, id_orden) VALUES (45, 'Alineacion y balanceo', 8000, false, random() * 70 );
INSERT INTO servicio (id, tipo_servicio, precio, eliminado, id_orden) VALUES (46, 'Cambio de frenos', 12000, false, random() * 70 );
INSERT INTO servicio (id, tipo_servicio, precio, eliminado, id_orden) VALUES (47, 'Cambio de bujias', 6000, false, random() * 70 );
INSERT INTO servicio (id, tipo_servicio, precio, eliminado, id_orden) VALUES (48, 'Rotacion de neumaticos', 4000, false, random() * 70 );
INSERT INTO servicio (id, tipo_servicio, precio, eliminado, id_orden) VALUES (49, 'Cambio de filtro de aire', 3000, false, random() * 70 );
INSERT INTO servicio (id, tipo_servicio, precio, eliminado, id_orden) VALUES (50, 'Revision de suspension', 7000, false, random() * 70 );
INSERT INTO servicio (id, tipo_servicio, precio, eliminado, id_orden) VALUES (51, 'Cambio de correa de distribucion', 10000, false, random() * 70 );
INSERT INTO servicio (id, tipo_servicio, precio, eliminado, id_orden) VALUES (52, 'Recarga de aire acondicionado', 5000, false, random() * 70 );
INSERT INTO servicio (id, tipo_servicio, precio, eliminado, id_orden) VALUES (53, 'Cambio de bateria', 9000, false, random() * 70 );
INSERT INTO servicio (id, tipo_servicio, precio, eliminado, id_orden) VALUES (54, 'Diagnostico de motor', 15000, false, random() * 70 );
INSERT INTO servicio (id, tipo_servicio, precio, eliminado, id_orden) VALUES (55, 'Cambio de amortiguadores', 11000, false, random() * 70 );
INSERT INTO servicio (id, tipo_servicio, precio, eliminado, id_orden) VALUES (56, 'Cambio de filtro de aceite', 2500, false, random() * 70 );
INSERT INTO servicio (id, tipo_servicio, precio, eliminado, id_orden) VALUES (57, 'Cambio de liquido de frenos', 7000, false, random() * 70 );
INSERT INTO servicio (id, tipo_servicio, precio, eliminado, id_orden) VALUES (58, 'Cambio de bujias de encendido', 5000, false, random() * 70 );
INSERT INTO servicio (id, tipo_servicio, precio, eliminado, id_orden) VALUES (59, 'Reparacion de escape', 8000, false, random() * 70 );
INSERT INTO servicio (id, tipo_servicio, precio, eliminado, id_orden) VALUES (60, 'Cambio de termostato', 6000, false, random() * 70 );
INSERT INTO servicio (id, tipo_servicio, precio, eliminado, id_orden) VALUES (61, 'Reparacion de sistema de direccion', 10000, false, random() * 70 );
INSERT INTO servicio (id, tipo_servicio, precio, eliminado, id_orden) VALUES (62, 'Cambio de bomba de agua', 12000, false, random() * 70 );
INSERT INTO servicio (id, tipo_servicio, precio, eliminado, id_orden) VALUES (63, 'Diagnostico de transmision', 15000, false, random() * 70 );
INSERT INTO servicio (id, tipo_servicio, precio, eliminado, id_orden) VALUES (64, 'Cambio de filtro de combustible', 3500, false, random() * 70 );
INSERT INTO servicio (id, tipo_servicio, precio, eliminado, id_orden) VALUES (65, 'Cambio de aceite', 5000, false, random() * 70 );
INSERT INTO servicio (id, tipo_servicio, precio, eliminado, id_orden) VALUES (66, 'Alineacion y balanceo', 8000, false, random() * 70 );
INSERT INTO servicio (id, tipo_servicio, precio, eliminado, id_orden) VALUES (67, 'Cambio de frenos', 12000, false, random() * 70 );
INSERT INTO servicio (id, tipo_servicio, precio, eliminado, id_orden) VALUES (68, 'Cambio de bujias', 6000, false, random() * 70 );
INSERT INTO servicio (id, tipo_servicio, precio, eliminado, id_orden) VALUES (69, 'Rotacion de neumaticos', 4000, false, random() * 70 );
INSERT INTO servicio (id, tipo_servicio, precio, eliminado, id_orden) VALUES (70, 'Cambio de filtro de aire', 3000, false, random() * 70 );
INSERT INTO servicio (id, tipo_servicio, precio, eliminado, id_orden) VALUES (71, 'Revision de suspension', 7000, false, random() * 70 );
INSERT INTO servicio (id, tipo_servicio, precio, eliminado, id_orden) VALUES (72, 'Cambio de correa de distribucion', 10000, false, random() * 70 );
INSERT INTO servicio (id, tipo_servicio, precio, eliminado, id_orden) VALUES (73, 'Recarga de aire acondicionado', 5000, false, random() * 70 );
INSERT INTO servicio (id, tipo_servicio, precio, eliminado, id_orden) VALUES (74, 'Cambio de bateria', 9000, false, random() * 70 );
INSERT INTO servicio (id, tipo_servicio, precio, eliminado, id_orden) VALUES (75, 'Diagnostico de motor', 15000, false, random() * 70 );
INSERT INTO servicio (id, tipo_servicio, precio, eliminado, id_orden) VALUES (76, 'Cambio de amortiguadores', 11000, false, random() * 70 );
INSERT INTO servicio (id, tipo_servicio, precio, eliminado, id_orden) VALUES (77, 'Cambio de filtro de aceite', 2500, false, random() * 70 );
INSERT INTO servicio (id, tipo_servicio, precio, eliminado, id_orden) VALUES (78, 'Cambio de liquido de frenos', 7000, false, random() * 70 );
INSERT INTO servicio (id, tipo_servicio, precio, eliminado, id_orden) VALUES (79, 'Cambio de bujias de encendido', 5000, false, random() * 70 );
INSERT INTO servicio (id, tipo_servicio, precio, eliminado, id_orden) VALUES (80, 'Reparacion de escape', 8000, false, random() * 70 );
INSERT INTO servicio (id, tipo_servicio, precio, eliminado, id_orden) VALUES (81, 'Cambio de termostato', 6000, false, random() * 70 );
INSERT INTO servicio (id, tipo_servicio, precio, eliminado, id_orden) VALUES (82, 'Reparacion de sistema de direccion', 10000, false, random() * 70 );
INSERT INTO servicio (id, tipo_servicio, precio, eliminado, id_orden) VALUES (83, 'Cambio de bomba de agua', 12000, false, random() * 70 );
INSERT INTO servicio (id, tipo_servicio, precio, eliminado, id_orden) VALUES (84, 'Diagnostico de transmision', 15000, false, random() * 70 );
INSERT INTO servicio (id, tipo_servicio, precio, eliminado, id_orden) VALUES (85, 'Cambio de filtro de combustible', 3500, false, random() * 70 );
INSERT INTO servicio (id, tipo_servicio, precio, eliminado, id_orden) VALUES (86, 'Cambio de aceite', 5000, false, random() * 70 );
INSERT INTO servicio (id, tipo_servicio, precio, eliminado, id_orden) VALUES (87, 'Alineacion y balanceo', 8000, false, random() * 70 );
INSERT INTO servicio (id, tipo_servicio, precio, eliminado, id_orden) VALUES (88, 'Cambio de frenos', 12000, false, random() * 70 );
INSERT INTO servicio (id, tipo_servicio, precio, eliminado, id_orden) VALUES (89, 'Cambio de bujias', 6000, false, random() * 70 );
INSERT INTO servicio (id, tipo_servicio, precio, eliminado, id_orden) VALUES (90, 'Rotacion de neumaticos', 4000, false, random() * 70 );
INSERT INTO servicio (id, tipo_servicio, precio, eliminado, id_orden) VALUES (91, 'Cambio de filtro de aire', 3000, false, random() * 70 );
INSERT INTO servicio (id, tipo_servicio, precio, eliminado, id_orden) VALUES (92, 'Revision de suspension', 7000, false, random() * 70 );
INSERT INTO servicio (id, tipo_servicio, precio, eliminado, id_orden) VALUES (93, 'Cambio de correa de distribucion', 10000, false, random() * 70 );
INSERT INTO servicio (id, tipo_servicio, precio, eliminado, id_orden) VALUES (94, 'Recarga de aire acondicionado', 5000, false, random() * 70 );
INSERT INTO servicio (id, tipo_servicio, precio, eliminado, id_orden) VALUES (95, 'Cambio de bateria', 9000, false, random() * 70 );
INSERT INTO servicio (id, tipo_servicio, precio, eliminado, id_orden) VALUES (96, 'Diagnostico de motor', 15000, false, random() * 70 );
INSERT INTO servicio (id, tipo_servicio, precio, eliminado, id_orden) VALUES (97, 'Cambio de amortiguadores', 11000, false, random() * 70 );
INSERT INTO servicio (id, tipo_servicio, precio, eliminado, id_orden) VALUES (98, 'Cambio de filtro de aceite', 2500, false, random() * 70 );
INSERT INTO servicio (id, tipo_servicio, precio, eliminado, id_orden) VALUES (99, 'Cambio de liquido de frenos', 7000, false, random() * 70 );
INSERT INTO servicio (id, tipo_servicio, precio, eliminado, id_orden) VALUES (100, 'Cambio de bujias de encendido', 5000, false, random() * 70 );
INSERT INTO servicio (id, tipo_servicio, precio, eliminado, id_orden) VALUES (101, 'Reparacion de escape', 8000, false, random() * 70 );
INSERT INTO servicio (id, tipo_servicio, precio, eliminado, id_orden) VALUES (102, 'Cambio de termostato', 6000, false, random() * 70 );
INSERT INTO servicio (id, tipo_servicio, precio, eliminado, id_orden) VALUES (103, 'Reparacion de sistema de direccion', 10000, false, random() * 70 );
INSERT INTO servicio (id, tipo_servicio, precio, eliminado, id_orden) VALUES (104, 'Cambio de bomba de agua', 12000, false, random() * 70 );
INSERT INTO servicio (id, tipo_servicio, precio, eliminado, id_orden) VALUES (105, 'Diagnostico de transmision', 15000, false, random() * 70 );
INSERT INTO servicio (id, tipo_servicio, precio, eliminado, id_orden) VALUES (106, 'Cambio de filtro de combustible', 3500, false, random() * 70 );
INSERT INTO servicio (id, tipo_servicio, precio, eliminado, id_orden) VALUES (107, 'Cambio de aceite', 5000, false, random() * 70 );
INSERT INTO servicio (id, tipo_servicio, precio, eliminado, id_orden) VALUES (108, 'Alineacion y balanceo', 8000, false, random() * 70 );
INSERT INTO servicio (id, tipo_servicio, precio, eliminado, id_orden) VALUES (109, 'Cambio de frenos', 12000, false, random() * 70 );
INSERT INTO servicio (id, tipo_servicio, precio, eliminado, id_orden) VALUES (110, 'Cambio de bujias', 6000, false, random() * 70 );
INSERT INTO servicio (id, tipo_servicio, precio, eliminado, id_orden) VALUES (111, 'Rotacion de neumaticos', 4000, false, random() * 70 );
INSERT INTO servicio (id, tipo_servicio, precio, eliminado, id_orden) VALUES (112, 'Cambio de filtro de aire', 3000, false, random() * 70 );
INSERT INTO servicio (id, tipo_servicio, precio, eliminado, id_orden) VALUES (113, 'Revision de suspension', 7000, false, random() * 70 );
INSERT INTO servicio (id, tipo_servicio, precio, eliminado, id_orden) VALUES (114, 'Cambio de correa de distribucion', 10000, false, random() * 70 );
INSERT INTO servicio (id, tipo_servicio, precio, eliminado, id_orden) VALUES (115, 'Recarga de aire acondicionado', 5000, false, random() * 70 );
INSERT INTO servicio (id, tipo_servicio, precio, eliminado, id_orden) VALUES (116, 'Cambio de bateria', 9000, false, random() * 70 );
INSERT INTO servicio (id, tipo_servicio, precio, eliminado, id_orden) VALUES (117, 'Diagnostico de motor', 15000, false, random() * 70 );
INSERT INTO servicio (id, tipo_servicio, precio, eliminado, id_orden) VALUES (118, 'Cambio de amortiguadores', 11000, false, random() * 70 );
INSERT INTO servicio (id, tipo_servicio, precio, eliminado, id_orden) VALUES (119, 'Cambio de filtro de aceite', 2500, false, random() * 70 );
INSERT INTO servicio (id, tipo_servicio, precio, eliminado, id_orden) VALUES (120, 'Cambio de liquido de frenos', 7000, false, random() * 70 );
INSERT INTO servicio (id, tipo_servicio, precio, eliminado, id_orden) VALUES (121, 'Cambio de bujias de encendido', 5000, false, random() * 70 );
INSERT INTO servicio (id, tipo_servicio, precio, eliminado, id_orden) VALUES (122, 'Reparacion de escape', 8000, false, random() * 70 );
INSERT INTO servicio (id, tipo_servicio, precio, eliminado, id_orden) VALUES (123, 'Cambio de termostato', 6000, false, random() * 70 );
INSERT INTO servicio (id, tipo_servicio, precio, eliminado, id_orden) VALUES (124, 'Reparacion de sistema de direccion', 10000, false, random() * 70 );
INSERT INTO servicio (id, tipo_servicio, precio, eliminado, id_orden) VALUES (125, 'Cambio de bomba de agua', 12000, false, random() * 70 );
INSERT INTO servicio (id, tipo_servicio, precio, eliminado, id_orden) VALUES (126, 'Diagnostico de transmision', 15000, false, random() * 70 );
INSERT INTO servicio (id, tipo_servicio, precio, eliminado, id_orden) VALUES (127, 'Cambio de filtro de combustible', 3500, false, random() * 70 );
INSERT INTO servicio (id, tipo_servicio, precio, eliminado, id_orden) VALUES (128, 'Cambio de aceite', 5000, false, random() * 70 );
INSERT INTO servicio (id, tipo_servicio, precio, eliminado, id_orden) VALUES (129, 'Alineacion y balanceo', 8000, false, random() * 70 );
INSERT INTO servicio (id, tipo_servicio, precio, eliminado, id_orden) VALUES (130, 'Cambio de frenos', 12000, false, random() * 70 );
INSERT INTO servicio (id, tipo_servicio, precio, eliminado, id_orden) VALUES (131, 'Cambio de bujias', 6000, false, random() * 70 );
INSERT INTO servicio (id, tipo_servicio, precio, eliminado, id_orden) VALUES (132, 'Rotacion de neumaticos', 4000, false, random() * 70 );
INSERT INTO servicio (id, tipo_servicio, precio, eliminado, id_orden) VALUES (133, 'Cambio de filtro de aire', 3000, false, random() * 70 );
INSERT INTO servicio (id, tipo_servicio, precio, eliminado, id_orden) VALUES (134, 'Revision de suspension', 7000, false, random() * 70 );
INSERT INTO servicio (id, tipo_servicio, precio, eliminado, id_orden) VALUES (135, 'Cambio de correa de distribucion', 10000, false, random() * 70 );
INSERT INTO servicio (id, tipo_servicio, precio, eliminado, id_orden) VALUES (136, 'Recarga de aire acondicionado', 5000, false, random() * 70 );
INSERT INTO servicio (id, tipo_servicio, precio, eliminado, id_orden) VALUES (137, 'Cambio de bateria', 9000, false, random() * 70 );
INSERT INTO servicio (id, tipo_servicio, precio, eliminado, id_orden) VALUES (138, 'Diagnostico de motor', 15000, false, random() * 70 );
INSERT INTO servicio (id, tipo_servicio, precio, eliminado, id_orden) VALUES (139, 'Cambio de amortiguadores', 11000, false, random() * 70 );
INSERT INTO servicio (id, tipo_servicio, precio, eliminado, id_orden) VALUES (140, 'Cambio de filtro de aceite', 2500, false, random() * 70 );
INSERT INTO servicio (id, tipo_servicio, precio, eliminado, id_orden) VALUES (141, 'Cambio de liquido de frenos', 7000, false, random() * 70 );
INSERT INTO servicio (id, tipo_servicio, precio, eliminado, id_orden) VALUES (142, 'Cambio de bujias de encendido', 5000, false, random() * 70 );
INSERT INTO servicio (id, tipo_servicio, precio, eliminado, id_orden) VALUES (143, 'Reparacion de escape', 8000, false, random() * 70 );
INSERT INTO servicio (id, tipo_servicio, precio, eliminado, id_orden) VALUES (144, 'Cambio de termostato', 6000, false, random() * 70 );
INSERT INTO servicio (id, tipo_servicio, precio, eliminado, id_orden) VALUES (145, 'Reparacion de sistema de direccion', 10000, false, random() * 70 );
INSERT INTO servicio (id, tipo_servicio, precio, eliminado, id_orden) VALUES (146, 'Diagnostico de transmision', 15000, false, random() * 70 );
INSERT INTO servicio (id, tipo_servicio, precio, eliminado, id_orden) VALUES (147, 'Cambio de filtro de combustible', 3500, false, random() * 70 );
INSERT INTO servicio (id, tipo_servicio, precio, eliminado, id_orden) VALUES (148, 'Cambio de aceite', 5000, false, random() * 70 );
INSERT INTO servicio (id, tipo_servicio, precio, eliminado, id_orden) VALUES (149, 'Alineacion y balanceo', 8000, false, random() * 70 );
INSERT INTO servicio (id, tipo_servicio, precio, eliminado, id_orden) VALUES (150, 'Cambio de frenos', 12000, false, random() * 70 );
INSERT INTO servicio (id, tipo_servicio, precio, eliminado, id_orden) VALUES (151, 'Cambio de bujias', 6000, false, random() * 70 );
INSERT INTO servicio (id, tipo_servicio, precio, eliminado, id_orden) VALUES (152, 'Rotacion de neumaticos', 4000, false, random() * 70 );
INSERT INTO servicio (id, tipo_servicio, precio, eliminado, id_orden) VALUES (153, 'Cambio de filtro de aire', 3000, false, random() * 70 );
INSERT INTO servicio (id, tipo_servicio, precio, eliminado, id_orden) VALUES (154, 'Revision de suspension', 7000, false, random() * 70 );
INSERT INTO servicio (id, tipo_servicio, precio, eliminado, id_orden) VALUES (155, 'Cambio de correa de distribucion', 10000, false, random() * 70 );
INSERT INTO servicio (id, tipo_servicio, precio, eliminado, id_orden) VALUES (156, 'Recarga de aire acondicionado', 5000, false, random() * 70 );
INSERT INTO servicio (id, tipo_servicio, precio, eliminado, id_orden) VALUES (157, 'Cambio de bateria', 9000, false, random() * 70 );
INSERT INTO servicio (id, tipo_servicio, precio, eliminado, id_orden) VALUES (158, 'Diagnostico de motor', 15000, false, random() * 70 );
INSERT INTO servicio (id, tipo_servicio, precio, eliminado, id_orden) VALUES (159, 'Cambio de amortiguadores', 11000, false, random() * 70 );
INSERT INTO servicio (id, tipo_servicio, precio, eliminado, id_orden) VALUES (160, 'Cambio de filtro de aceite', 2500, false, random() * 70 );
INSERT INTO servicio (id, tipo_servicio, precio, eliminado, id_orden) VALUES (161, 'Cambio de liquido de frenos', 7000, false, random() * 70 );
INSERT INTO servicio (id, tipo_servicio, precio, eliminado, id_orden) VALUES (162, 'Cambio de bujias de encendido', 5000, false, random() * 70 );
INSERT INTO servicio (id, tipo_servicio, precio, eliminado, id_orden) VALUES (163, 'Reparacion de escape', 8000, false, random() * 70 );
INSERT INTO servicio (id, tipo_servicio, precio, eliminado, id_orden) VALUES (164, 'Cambio de termostato', 6000, false, random() * 70 );
INSERT INTO servicio (id, tipo_servicio, precio, eliminado, id_orden) VALUES (165, 'Reparacion de sistema de direccion', 10000, false, random() * 70 );
INSERT INTO servicio (id, tipo_servicio, precio, eliminado, id_orden) VALUES (166, 'Cambio de bomba de agua', 12000, false, random() * 70 );
INSERT INTO servicio (id, tipo_servicio, precio, eliminado, id_orden) VALUES (167, 'Diagnostico de transmision', 15000, false, random() * 70 );
INSERT INTO servicio (id, tipo_servicio, precio, eliminado, id_orden) VALUES (168, 'Cambio de filtro de combustible', 3500, false, random() * 70 );
INSERT INTO servicio (id, tipo_servicio, precio, eliminado, id_orden) VALUES (169, 'Cambio de aceite', 5000, false, random() * 70 );
INSERT INTO servicio (id, tipo_servicio, precio, eliminado, id_orden) VALUES (170, 'Alineacion y balanceo', 8000, false, random() * 70 );
INSERT INTO servicio (id, tipo_servicio, precio, eliminado, id_orden) VALUES (171, 'Cambio de frenos', 12000, false, random() * 70 );
INSERT INTO servicio (id, tipo_servicio, precio, eliminado, id_orden) VALUES (172, 'Cambio de bujias', 6000, false, random() * 70 );
INSERT INTO servicio (id, tipo_servicio, precio, eliminado, id_orden) VALUES (173, 'Rotacion de neumaticos', 4000, false, random() * 70 );
INSERT INTO servicio (id, tipo_servicio, precio, eliminado, id_orden) VALUES (174, 'Cambio de filtro de aire', 3000, false, random() * 70 );
INSERT INTO servicio (id, tipo_servicio, precio, eliminado, id_orden) VALUES (175, 'Revision de suspension', 7000, false, random() * 70 );
INSERT INTO servicio (id, tipo_servicio, precio, eliminado, id_orden) VALUES (176, 'Cambio de correa de distribucion', 10000, false, random() * 70 );
INSERT INTO servicio (id, tipo_servicio, precio, eliminado, id_orden) VALUES (177, 'Recarga de aire acondicionado', 5000, false, random() * 70 );
INSERT INTO servicio (id, tipo_servicio, precio, eliminado, id_orden) VALUES (178, 'Cambio de bateria', 9000, false, random() * 70 );
INSERT INTO servicio (id, tipo_servicio, precio, eliminado, id_orden) VALUES (179, 'Diagnostico de motor', 15000, false, random() * 70 );
INSERT INTO servicio (id, tipo_servicio, precio, eliminado, id_orden) VALUES (180, 'Cambio de amortiguadores', 11000, false, random() * 70 );
INSERT INTO servicio (id, tipo_servicio, precio, eliminado, id_orden) VALUES (181, 'Cambio de correa de distribucion', 10000, false, random() * 70 );
INSERT INTO servicio (id, tipo_servicio, precio, eliminado, id_orden) VALUES (182, 'Recarga de aire acondicionado', 5000, false, random() * 70 );
INSERT INTO servicio (id, tipo_servicio, precio, eliminado, id_orden) VALUES (183, 'Cambio de bateria', 9000, false, random() * 70 );
INSERT INTO servicio (id, tipo_servicio, precio, eliminado, id_orden) VALUES (184, 'Diagnostico de motor', 15000, false, random() * 70 );
INSERT INTO servicio (id, tipo_servicio, precio, eliminado, id_orden) VALUES (185, 'Cambio de amortiguadores', 11000, false, random() * 70 );
INSERT INTO servicio (id, tipo_servicio, precio, eliminado, id_orden) VALUES (186, 'Cambio de filtro de aceite', 2500, false, random() * 70 );
INSERT INTO servicio (id, tipo_servicio, precio, eliminado, id_orden) VALUES (187, 'Cambio de liquido de frenos', 7000, false, random() * 70 );
INSERT INTO servicio (id, tipo_servicio, precio, eliminado, id_orden) VALUES (188, 'Cambio de bujias de encendido', 5000, false, random() * 70 );
INSERT INTO servicio (id, tipo_servicio, precio, eliminado, id_orden) VALUES (189, 'Reparacion de escape', 8000, false, random() * 70 );
INSERT INTO servicio (id, tipo_servicio, precio, eliminado, id_orden) VALUES (190, 'Cambio de termostato', 6000, false, random() * 70 );
INSERT INTO servicio (id, tipo_servicio, precio, eliminado, id_orden) VALUES (191, 'Reparacion de sistema de direccion', 10000, false, random() * 70 );
INSERT INTO servicio (id, tipo_servicio, precio, eliminado, id_orden) VALUES (192, 'Cambio de bomba de agua', 12000, false, random() * 70 );
INSERT INTO servicio (id, tipo_servicio, precio, eliminado, id_orden) VALUES (193, 'Diagnostico de transmision', 15000, false, random() * 70 );
INSERT INTO servicio (id, tipo_servicio, precio, eliminado, id_orden) VALUES (194, 'Cambio de filtro de combustible', 3500, false, random() * 70 );
INSERT INTO servicio (id, tipo_servicio, precio, eliminado, id_orden) VALUES (195, 'Cambio de aceite', 5000, false, random() * 70 );
INSERT INTO servicio (id, tipo_servicio, precio, eliminado, id_orden) VALUES (196, 'Alineacion y balanceo', 8000, false, random() * 70 );
INSERT INTO servicio (id, tipo_servicio, precio, eliminado, id_orden) VALUES (197, 'Cambio de frenos', 12000, false, random() * 70 );
INSERT INTO servicio (id, tipo_servicio, precio, eliminado, id_orden) VALUES (198, 'Cambio de bujias', 6000, false, random() * 70 );
INSERT INTO servicio (id, tipo_servicio, precio, eliminado, id_orden) VALUES (199, 'Rotacion de neumaticos', 4000, false, random() * 70 );
INSERT INTO servicio (id, tipo_servicio, precio, eliminado, id_orden) VALUES (200, 'Cambio de filtro de aire', 3000, false, random() * 70 );
INSERT INTO servicio (id, tipo_servicio, precio, eliminado, id_orden) VALUES (201, 'Revision de suspension', 7000, false, random() * 70 );
INSERT INTO servicio (id, tipo_servicio, precio, eliminado, id_orden) VALUES (202, 'Cambio de correa de distribucion', 10000, false, random() * 70 );
INSERT INTO servicio (id, tipo_servicio, precio, eliminado, id_orden) VALUES (203, 'Recarga de aire acondicionado', 5000, false, random() * 70 );
INSERT INTO servicio (id, tipo_servicio, precio, eliminado, id_orden) VALUES (204, 'Cambio de bateria', 9000, false, random() * 70 );
INSERT INTO servicio (id, tipo_servicio, precio, eliminado, id_orden) VALUES (205, 'Diagnostico de motor', 15000, false, random() * 70 );
INSERT INTO servicio (id, tipo_servicio, precio, eliminado, id_orden) VALUES (206, 'Cambio de amortiguadores', 11000, false, random() * 70 );
INSERT INTO servicio (id, tipo_servicio, precio, eliminado, id_orden) VALUES (207, 'Cambio de filtro de aceite', 2500, false, random() * 70 );
INSERT INTO servicio (id, tipo_servicio, precio, eliminado, id_orden) VALUES (208, 'Cambio de liquido de frenos', 7000, false, random() * 70 );
INSERT INTO servicio (id, tipo_servicio, precio, eliminado, id_orden) VALUES (209, 'Cambio de bujias de encendido', 5000, false, random() * 70 );
INSERT INTO servicio (id, tipo_servicio, precio, eliminado, id_orden) VALUES (210, 'Reparacion de escape', 8000, false, random() * 70 );
INSERT INTO servicio (id, tipo_servicio, precio, eliminado, id_orden) VALUES (211, 'Cambio de termostato', 6000, false, random() * 70 );
INSERT INTO servicio (id, tipo_servicio, precio, eliminado, id_orden) VALUES (212, 'Reparacion de sistema de direccion', 10000, false, random() * 70 );
INSERT INTO servicio (id, tipo_servicio, precio, eliminado, id_orden) VALUES (213, 'Cambio de bomba de agua', 12000, false, random() * 70 );
INSERT INTO servicio (id, tipo_servicio, precio, eliminado, id_orden) VALUES (214, 'Diagnostico de transmision', 15000, false, random() * 70 );
INSERT INTO servicio (id, tipo_servicio, precio, eliminado, id_orden) VALUES (215, 'Cambio de filtro de combustible', 3500, false, random() * 70 );
INSERT INTO servicio (id, tipo_servicio, precio, eliminado, id_orden) VALUES (216, 'Cambio de aceite', 5000, false, random() * 70 );
INSERT INTO servicio (id, tipo_servicio, precio, eliminado, id_orden) VALUES (217, 'Alineacion y balanceo', 8000, false, random() * 70 );
INSERT INTO servicio (id, tipo_servicio, precio, eliminado, id_orden) VALUES (218, 'Cambio de frenos', 12000, false, random() * 70 );
INSERT INTO servicio (id, tipo_servicio, precio, eliminado, id_orden) VALUES (219, 'Cambio de bujias', 6000, false, random() * 70 );
INSERT INTO servicio (id, tipo_servicio, precio, eliminado, id_orden) VALUES (220, 'Rotacion de neumaticos', 4000, false, random() * 70 );
INSERT INTO servicio (id, tipo_servicio, precio, eliminado, id_orden) VALUES (221, 'Cambio de filtro de aire', 3000, false, random() * 70 );
INSERT INTO servicio (id, tipo_servicio, precio, eliminado, id_orden) VALUES (222, 'Revision de suspension', 7000, false, random() * 70 );
INSERT INTO servicio (id, tipo_servicio, precio, eliminado, id_orden) VALUES (223, 'Cambio de correa de distribucion', 10000, false, random() * 70 );
INSERT INTO servicio (id, tipo_servicio, precio, eliminado, id_orden) VALUES (224, 'Recarga de aire acondicionado', 5000, false, random() * 70 );
INSERT INTO servicio (id, tipo_servicio, precio, eliminado, id_orden) VALUES (225, 'Cambio de bateria', 9000, false, random() * 70 );
INSERT INTO servicio (id, tipo_servicio, precio, eliminado, id_orden) VALUES (226, 'Diagnostico de motor', 15000, false, random() * 70 );
INSERT INTO servicio (id, tipo_servicio, precio, eliminado, id_orden) VALUES (227, 'Cambio de amortiguadores', 11000, false, random() * 70 );
INSERT INTO servicio (id, tipo_servicio, precio, eliminado, id_orden) VALUES (228, 'Cambio de filtro de aceite', 2500, false, random() * 70 );
INSERT INTO servicio (id, tipo_servicio, precio, eliminado, id_orden) VALUES (229, 'Cambio de liquido de frenos', 7000, false, random() * 70 );
INSERT INTO servicio (id, tipo_servicio, precio, eliminado, id_orden) VALUES (230, 'Cambio de bujias de encendido', 5000, false, random() * 70 );
INSERT INTO servicio (id, tipo_servicio, precio, eliminado, id_orden) VALUES (231, 'Reparacion de escape', 8000, false, random() * 70 );
INSERT INTO servicio (id, tipo_servicio, precio, eliminado, id_orden) VALUES (232, 'Cambio de termostato', 6000, false, random() * 70 );
INSERT INTO servicio (id, tipo_servicio, precio, eliminado, id_orden) VALUES (233, 'Reparacion de sistema de direccion', 10000, false, random() * 70 );
INSERT INTO servicio (id, tipo_servicio, precio, eliminado, id_orden) VALUES (234, 'Cambio de bomba de agua', 12000, false, random() * 70 );
INSERT INTO servicio (id, tipo_servicio, precio, eliminado, id_orden) VALUES (235, 'Diagnostico de transmision', 15000, false, random() * 70 );
INSERT INTO servicio (id, tipo_servicio, precio, eliminado, id_orden) VALUES (236, 'Cambio de filtro de combustible', 3500, false, random() * 70 );
INSERT INTO servicio (id, tipo_servicio, precio, eliminado, id_orden) VALUES (237, 'Cambio de aceite', 5000, false, random() * 70 );
INSERT INTO servicio (id, tipo_servicio, precio, eliminado, id_orden) VALUES (238, 'Alineacion y balanceo', 8000, false, random() * 70 );
INSERT INTO servicio (id, tipo_servicio, precio, eliminado, id_orden) VALUES (239, 'Cambio de frenos', 12000, false, random() * 70 );
INSERT INTO servicio (id, tipo_servicio, precio, eliminado, id_orden) VALUES (240, 'Cambio de bujias', 6000, false, random() * 70 );
INSERT INTO servicio (id, tipo_servicio, precio, eliminado, id_orden) VALUES (241, 'Rotacion de neumaticos', 4000, false, random() * 70 );
INSERT INTO servicio (id, tipo_servicio, precio, eliminado, id_orden) VALUES (242, 'Cambio de filtro de aire', 3000, false, random() * 70 );
INSERT INTO servicio (id, tipo_servicio, precio, eliminado, id_orden) VALUES (243, 'Revision de suspension', 7000, false, random() * 70 );
INSERT INTO servicio (id, tipo_servicio, precio, eliminado, id_orden) VALUES (244, 'Cambio de correa de distribucion', 10000, false, random() * 70 );
INSERT INTO servicio (id, tipo_servicio, precio, eliminado, id_orden) VALUES (245, 'Recarga de aire acondicionado', 5000, false, random() * 70 );
INSERT INTO servicio (id, tipo_servicio, precio, eliminado, id_orden) VALUES (246, 'Cambio de bateria', 9000, false, random() * 70 );
INSERT INTO servicio (id, tipo_servicio, precio, eliminado, id_orden) VALUES (247, 'Diagnostico de motor', 15000, false, random() * 70 );
INSERT INTO servicio (id, tipo_servicio, precio, eliminado, id_orden) VALUES (248, 'Cambio de amortiguadores', 11000, false, random() * 70 );
INSERT INTO servicio (id, tipo_servicio, precio, eliminado, id_orden) VALUES (249, 'Cambio de filtro de aceite', 2500, false, random() * 70 );
INSERT INTO servicio (id, tipo_servicio, precio, eliminado, id_orden) VALUES (250, 'Cambio de liquido de frenos', 7000, false, random() * 70 );
INSERT INTO servicio (id, tipo_servicio, precio, eliminado, id_orden) VALUES (251, 'Cambio de bujias de encendido', 5000, false, random() * 70 );
INSERT INTO servicio (id, tipo_servicio, precio, eliminado, id_orden) VALUES (252, 'Reparacion de escape', 8000, false, random() * 70 );
INSERT INTO servicio (id, tipo_servicio, precio, eliminado, id_orden) VALUES (253, 'Cambio de termostato', 6000, false, random() * 70 );
INSERT INTO servicio (id, tipo_servicio, precio, eliminado, id_orden) VALUES (254, 'Reparacion de sistema de direccion', 10000, false, random() * 70 );
INSERT INTO servicio (id, tipo_servicio, precio, eliminado, id_orden) VALUES (255, 'Cambio de bomba de agua', 12000, false, random() * 70 );
INSERT INTO servicio (id, tipo_servicio, precio, eliminado, id_orden) VALUES (256, 'Diagnostico de transmision', 15000, false, random() * 70 );
INSERT INTO servicio (id, tipo_servicio, precio, eliminado, id_orden) VALUES (257, 'Cambio de filtro de combustible', 3500, false, random() * 70 );
INSERT INTO servicio (id, tipo_servicio, precio, eliminado, id_orden) VALUES (258, 'Cambio de aceite', 5000, false, random() * 70 );
INSERT INTO servicio (id, tipo_servicio, precio, eliminado, id_orden) VALUES (259, 'Alineacion y balanceo', 8000, false, random() * 70 );
INSERT INTO servicio (id, tipo_servicio, precio, eliminado, id_orden) VALUES (260, 'Cambio de frenos', 12000, false, random() * 70 );
INSERT INTO servicio (id, tipo_servicio, precio, eliminado, id_orden) VALUES (261, 'Cambio de bujias', 6000, false, random() * 70 );
INSERT INTO servicio (id, tipo_servicio, precio, eliminado, id_orden) VALUES (262, 'Rotacion de neumaticos', 4000, false, random() * 70 );
INSERT INTO servicio (id, tipo_servicio, precio, eliminado, id_orden) VALUES (263, 'Cambio de filtro de aire', 3000, false, random() * 70 );
INSERT INTO servicio (id, tipo_servicio, precio, eliminado, id_orden) VALUES (264, 'Revision de suspension', 7000, false, random() * 70 );
INSERT INTO servicio (id, tipo_servicio, precio, eliminado, id_orden) VALUES (265, 'Cambio de correa de distribucion', 10000, false, random() * 70 );
INSERT INTO servicio (id, tipo_servicio, precio, eliminado, id_orden) VALUES (266, 'Recarga de aire acondicionado', 5000, false, random() * 70 );
INSERT INTO servicio (id, tipo_servicio, precio, eliminado, id_orden) VALUES (267, 'Cambio de bateria', 9000, false, random() * 70 );
INSERT INTO servicio (id, tipo_servicio, precio, eliminado, id_orden) VALUES (268, 'Diagnostico de motor', 15000, false, random() * 70 );
INSERT INTO servicio (id, tipo_servicio, precio, eliminado, id_orden) VALUES (269, 'Cambio de amortiguadores', 11000, false, random() * 70 );
INSERT INTO servicio (id, tipo_servicio, precio, eliminado, id_orden) VALUES (270, 'Cambio de filtro de aceite', 2500, false, random() * 70 );








